Geo_Name,survey_year,Tax_Type,AMOUNT
United States,2016,Total Taxes,"930,263,745"
United States,2016,Property Taxes,"18,364,298"
United States,2016,Sales and Gross Receipts Taxes,"442,909,995"
United States,2016,General Sales and Gross Receipts Taxes,"292,815,900"
United States,2016,Selective Sales and Gross Receipts Taxes,"150,094,095"
United States,2016,Alcoholic Beverages Sales Tax,"6,620,096"
United States,2016,Amusements Sales Tax,"7,597,086"
United States,2016,Insurance Premiums Sales Tax,"20,495,224"
United States,2016,Motor Fuels Sales Tax,"43,757,220"
United States,2016,Pari-mutuels Sales Tax,"124,090"
United States,2016,Public Utilities Sales Tax,"13,256,078"
United States,2016,Tobacco Products Sales Tax,"18,011,700"
United States,2016,Other Selective Sales and Gross Receipts Taxes,"40,232,601"
United States,2016,License Taxes,"52,164,396"
United States,2016,Alcoholic Beverages License,"637,264"
United States,2016,Amusements License,"543,093"
United States,2016,Corporations in General License,"5,615,067"
United States,2016,Hunting and Fishing License,"1,595,489"
United States,2016,Motor Vehicle License,"25,603,133"
United States,2016,Motor Vehicle Operators License,"2,597,873"
United States,2016,Public Utilities License,"1,250,122"
United States,2016,"Occupation and Business License, NEC","12,961,870"
United States,2016,Other License Taxes,"1,360,485"
United States,2016,Income Taxes,"392,286,910"
United States,2016,Individual Income Taxes,"345,528,601"
United States,2016,Corporations Net Income Taxes,"46,758,309"
United States,2016,Other Taxes,"24,538,146"
United States,2016,Death and Gift Taxes,"5,133,305"
United States,2016,Documentarty and Stock Transfer Taxes,"9,131,636"
United States,2016,Severance Taxes,"7,649,594"
United States,2016,"Taxes, NEC","2,623,611"
Alabama,2016,Total Taxes,"9,919,794"
Alabama,2016,Property Taxes,"346,277"
Alabama,2016,Sales and Gross Receipts Taxes,"5,106,102"
Alabama,2016,General Sales and Gross Receipts Taxes,"2,596,223"
Alabama,2016,Selective Sales and Gross Receipts Taxes,"2,509,879"
Alabama,2016,Alcoholic Beverages Sales Tax,"210,535"
Alabama,2016,Amusements Sales Tax,6
Alabama,2016,Insurance Premiums Sales Tax,"317,657"
Alabama,2016,Motor Fuels Sales Tax,"526,763"
Alabama,2016,Pari-mutuels Sales Tax,"1,401"
Alabama,2016,Public Utilities Sales Tax,"695,626"
Alabama,2016,Tobacco Products Sales Tax,"180,301"
Alabama,2016,Other Selective Sales and Gross Receipts Taxes,"577,590"
Alabama,2016,License Taxes,"507,479"
Alabama,2016,Alcoholic Beverages License,"4,224"
Alabama,2016,Amusements License,X
Alabama,2016,Corporations in General License,"162,117"
Alabama,2016,Hunting and Fishing License,"22,931"
Alabama,2016,Motor Vehicle License,"213,550"
Alabama,2016,Motor Vehicle Operators License,"33,964"
Alabama,2016,Public Utilities License,"14,443"
Alabama,2016,"Occupation and Business License, NEC","56,250"
Alabama,2016,Other License Taxes,0
Alabama,2016,Income Taxes,"3,869,584"
Alabama,2016,Individual Income Taxes,"3,492,904"
Alabama,2016,Corporations Net Income Taxes,"376,680"
Alabama,2016,Other Taxes,"90,352"
Alabama,2016,Death and Gift Taxes,0
Alabama,2016,Documentarty and Stock Transfer Taxes,"43,730"
Alabama,2016,Severance Taxes,"46,622"
Alabama,2016,"Taxes, NEC",X
Alaska,2016,Total Taxes,"1,042,164"
Alaska,2016,Property Taxes,"111,736"
Alaska,2016,Sales and Gross Receipts Taxes,"260,846"
Alaska,2016,General Sales and Gross Receipts Taxes,X
Alaska,2016,Selective Sales and Gross Receipts Taxes,"260,846"
Alaska,2016,Alcoholic Beverages Sales Tax,"42,430"
Alaska,2016,Amusements Sales Tax,"10,306"
Alaska,2016,Insurance Premiums Sales Tax,"64,400"
Alaska,2016,Motor Fuels Sales Tax,"48,773"
Alaska,2016,Pari-mutuels Sales Tax,X
Alaska,2016,Public Utilities Sales Tax,"4,027"
Alaska,2016,Tobacco Products Sales Tax,"67,918"
Alaska,2016,Other Selective Sales and Gross Receipts Taxes,"22,992"
Alaska,2016,License Taxes,"120,529"
Alaska,2016,Alcoholic Beverages License,"1,919"
Alaska,2016,Amusements License,0
Alaska,2016,Corporations in General License,X
Alaska,2016,Hunting and Fishing License,"29,500"
Alaska,2016,Motor Vehicle License,"38,000"
Alaska,2016,Motor Vehicle Operators License,X
Alaska,2016,Public Utilities License,838
Alaska,2016,"Occupation and Business License, NEC","46,957"
Alaska,2016,Other License Taxes,"3,315"
Alaska,2016,Income Taxes,"212,252"
Alaska,2016,Individual Income Taxes,X
Alaska,2016,Corporations Net Income Taxes,"212,252"
Alaska,2016,Other Taxes,"336,801"
Alaska,2016,Death and Gift Taxes,X
Alaska,2016,Documentarty and Stock Transfer Taxes,X
Alaska,2016,Severance Taxes,"336,801"
Alaska,2016,"Taxes, NEC",X
Arizona,2016,Total Taxes,"14,676,375"
Arizona,2016,Property Taxes,"943,008"
Arizona,2016,Sales and Gross Receipts Taxes,"8,680,009"
Arizona,2016,General Sales and Gross Receipts Taxes,"6,660,817"
Arizona,2016,Selective Sales and Gross Receipts Taxes,"2,019,192"
Arizona,2016,Alcoholic Beverages Sales Tax,"72,281"
Arizona,2016,Amusements Sales Tax,"3,830"
Arizona,2016,Insurance Premiums Sales Tax,"545,124"
Arizona,2016,Motor Fuels Sales Tax,"898,234"
Arizona,2016,Pari-mutuels Sales Tax,160
Arizona,2016,Public Utilities Sales Tax,"22,337"
Arizona,2016,Tobacco Products Sales Tax,"317,331"
Arizona,2016,Other Selective Sales and Gross Receipts Taxes,"159,895"
Arizona,2016,License Taxes,"482,362"
Arizona,2016,Alcoholic Beverages License,"7,416"
Arizona,2016,Amusements License,X
Arizona,2016,Corporations in General License,"18,342"
Arizona,2016,Hunting and Fishing License,"35,059"
Arizona,2016,Motor Vehicle License,"228,970"
Arizona,2016,Motor Vehicle Operators License,"31,373"
Arizona,2016,Public Utilities License,X
Arizona,2016,"Occupation and Business License, NEC","159,454"
Arizona,2016,Other License Taxes,"1,748"
Arizona,2016,Income Taxes,"4,538,472"
Arizona,2016,Individual Income Taxes,"3,967,924"
Arizona,2016,Corporations Net Income Taxes,"570,548"
Arizona,2016,Other Taxes,"32,524"
Arizona,2016,Death and Gift Taxes,X
Arizona,2016,Documentarty and Stock Transfer Taxes,"17,328"
Arizona,2016,Severance Taxes,"15,196"
Arizona,2016,"Taxes, NEC",X
Arkansas,2016,Total Taxes,"9,452,883"
Arkansas,2016,Property Taxes,"1,119,958"
Arkansas,2016,Sales and Gross Receipts Taxes,"4,590,072"
Arkansas,2016,General Sales and Gross Receipts Taxes,"3,314,363"
Arkansas,2016,Selective Sales and Gross Receipts Taxes,"1,275,709"
Arkansas,2016,Alcoholic Beverages Sales Tax,"55,164"
Arkansas,2016,Amusements Sales Tax,"56,031"
Arkansas,2016,Insurance Premiums Sales Tax,"192,020"
Arkansas,2016,Motor Fuels Sales Tax,"479,879"
Arkansas,2016,Pari-mutuels Sales Tax,"2,616"
Arkansas,2016,Public Utilities Sales Tax,X
Arkansas,2016,Tobacco Products Sales Tax,"230,527"
Arkansas,2016,Other Selective Sales and Gross Receipts Taxes,"259,472"
Arkansas,2016,License Taxes,"396,891"
Arkansas,2016,Alcoholic Beverages License,"4,624"
Arkansas,2016,Amusements License,473
Arkansas,2016,Corporations in General License,"26,703"
Arkansas,2016,Hunting and Fishing License,"26,579"
Arkansas,2016,Motor Vehicle License,"163,023"
Arkansas,2016,Motor Vehicle Operators License,"21,825"
Arkansas,2016,Public Utilities License,"8,351"
Arkansas,2016,"Occupation and Business License, NEC","143,422"
Arkansas,2016,Other License Taxes,"1,891"
Arkansas,2016,Income Taxes,"3,231,617"
Arkansas,2016,Individual Income Taxes,"2,781,458"
Arkansas,2016,Corporations Net Income Taxes,"450,159"
Arkansas,2016,Other Taxes,"114,345"
Arkansas,2016,Death and Gift Taxes,3
Arkansas,2016,Documentarty and Stock Transfer Taxes,"38,844"
Arkansas,2016,Severance Taxes,"48,340"
Arkansas,2016,"Taxes, NEC","27,158"
California,2016,Total Taxes,"155,231,252"
California,2016,Property Taxes,"2,513,157"
California,2016,Sales and Gross Receipts Taxes,"53,365,753"
California,2016,General Sales and Gross Receipts Taxes,"39,189,007"
California,2016,Selective Sales and Gross Receipts Taxes,"14,176,746"
California,2016,Alcoholic Beverages Sales Tax,"368,699"
California,2016,Amusements Sales Tax,X
California,2016,Insurance Premiums Sales Tax,"2,561,932"
California,2016,Motor Fuels Sales Tax,"5,000,539"
California,2016,Pari-mutuels Sales Tax,"14,537"
California,2016,Public Utilities Sales Tax,"714,623"
California,2016,Tobacco Products Sales Tax,"840,034"
California,2016,Other Selective Sales and Gross Receipts Taxes,"4,676,382"
California,2016,License Taxes,"8,551,427"
California,2016,Alcoholic Beverages License,"57,406"
California,2016,Amusements License,"16,767"
California,2016,Corporations in General License,"75,066"
California,2016,Hunting and Fishing License,"104,698"
California,2016,Motor Vehicle License,"3,996,089"
California,2016,Motor Vehicle Operators License,"296,160"
California,2016,Public Utilities License,"674,660"
California,2016,"Occupation and Business License, NEC","3,303,576"
California,2016,Other License Taxes,"27,005"
California,2016,Income Taxes,"90,655,530"
California,2016,Individual Income Taxes,"80,753,345"
California,2016,Corporations Net Income Taxes,"9,902,185"
California,2016,Other Taxes,"145,385"
California,2016,Death and Gift Taxes,X
California,2016,Documentarty and Stock Transfer Taxes,X
California,2016,Severance Taxes,"68,500"
California,2016,"Taxes, NEC","76,885"
Colorado,2016,Total Taxes,"12,795,318"
Colorado,2016,Property Taxes,X
Colorado,2016,Sales and Gross Receipts Taxes,"4,897,029"
Colorado,2016,General Sales and Gross Receipts Taxes,"2,840,173"
Colorado,2016,Selective Sales and Gross Receipts Taxes,"2,056,856"
Colorado,2016,Alcoholic Beverages Sales Tax,"43,407"
Colorado,2016,Amusements Sales Tax,"116,374"
Colorado,2016,Insurance Premiums Sales Tax,"277,647"
Colorado,2016,Motor Fuels Sales Tax,"667,037"
Colorado,2016,Pari-mutuels Sales Tax,620
Colorado,2016,Public Utilities Sales Tax,"11,650"
Colorado,2016,Tobacco Products Sales Tax,"201,187"
Colorado,2016,Other Selective Sales and Gross Receipts Taxes,"738,934"
Colorado,2016,License Taxes,"702,499"
Colorado,2016,Alcoholic Beverages License,"7,367"
Colorado,2016,Amusements License,821
Colorado,2016,Corporations in General License,"19,541"
Colorado,2016,Hunting and Fishing License,"79,664"
Colorado,2016,Motor Vehicle License,"504,010"
Colorado,2016,Motor Vehicle Operators License,"36,751"
Colorado,2016,Public Utilities License,"14,717"
Colorado,2016,"Occupation and Business License, NEC","39,628"
Colorado,2016,Other License Taxes,0
Colorado,2016,Income Taxes,"7,111,711"
Colorado,2016,Individual Income Taxes,"6,485,602"
Colorado,2016,Corporations Net Income Taxes,"626,109"
Colorado,2016,Other Taxes,"84,079"
Colorado,2016,Death and Gift Taxes,0
Colorado,2016,Documentarty and Stock Transfer Taxes,X
Colorado,2016,Severance Taxes,"84,079"
Colorado,2016,"Taxes, NEC",X
Connecticut,2016,Total Taxes,"15,244,947"
Connecticut,2016,Property Taxes,X
Connecticut,2016,Sales and Gross Receipts Taxes,"6,149,782"
Connecticut,2016,General Sales and Gross Receipts Taxes,"3,752,793"
Connecticut,2016,Selective Sales and Gross Receipts Taxes,"2,396,989"
Connecticut,2016,Alcoholic Beverages Sales Tax,"56,345"
Connecticut,2016,Amusements Sales Tax,"305,057"
Connecticut,2016,Insurance Premiums Sales Tax,"208,895"
Connecticut,2016,Motor Fuels Sales Tax,"467,749"
Connecticut,2016,Pari-mutuels Sales Tax,"6,876"
Connecticut,2016,Public Utilities Sales Tax,"298,858"
Connecticut,2016,Tobacco Products Sales Tax,"350,723"
Connecticut,2016,Other Selective Sales and Gross Receipts Taxes,"702,486"
Connecticut,2016,License Taxes,"455,454"
Connecticut,2016,Alcoholic Beverages License,"9,356"
Connecticut,2016,Amusements License,230
Connecticut,2016,Corporations in General License,"28,878"
Connecticut,2016,Hunting and Fishing License,"5,200"
Connecticut,2016,Motor Vehicle License,"224,287"
Connecticut,2016,Motor Vehicle Operators License,"48,719"
Connecticut,2016,Public Utilities License,675
Connecticut,2016,"Occupation and Business License, NEC","133,427"
Connecticut,2016,Other License Taxes,"4,682"
Connecticut,2016,Income Taxes,"8,276,620"
Connecticut,2016,Individual Income Taxes,"7,557,153"
Connecticut,2016,Corporations Net Income Taxes,"719,467"
Connecticut,2016,Other Taxes,"363,091"
Connecticut,2016,Death and Gift Taxes,"195,157"
Connecticut,2016,Documentarty and Stock Transfer Taxes,"167,132"
Connecticut,2016,Severance Taxes,X
Connecticut,2016,"Taxes, NEC",802
Delaware,2016,Total Taxes,"3,522,301"
Delaware,2016,Property Taxes,X
Delaware,2016,Sales and Gross Receipts Taxes,"539,193"
Delaware,2016,General Sales and Gross Receipts Taxes,X
Delaware,2016,Selective Sales and Gross Receipts Taxes,"539,193"
Delaware,2016,Alcoholic Beverages Sales Tax,"20,274"
Delaware,2016,Amusements Sales Tax,X
Delaware,2016,Insurance Premiums Sales Tax,"96,279"
Delaware,2016,Motor Fuels Sales Tax,"125,453"
Delaware,2016,Pari-mutuels Sales Tax,69
Delaware,2016,Public Utilities Sales Tax,"55,394"
Delaware,2016,Tobacco Products Sales Tax,"111,762"
Delaware,2016,Other Selective Sales and Gross Receipts Taxes,"129,962"
Delaware,2016,License Taxes,"1,452,596"
Delaware,2016,Alcoholic Beverages License,"1,584"
Delaware,2016,Amusements License,306
Delaware,2016,Corporations in General License,"1,274,897"
Delaware,2016,Hunting and Fishing License,"3,030"
Delaware,2016,Motor Vehicle License,"54,287"
Delaware,2016,Motor Vehicle Operators License,"6,738"
Delaware,2016,Public Utilities License,X
Delaware,2016,"Occupation and Business License, NEC","105,868"
Delaware,2016,Other License Taxes,"5,886"
Delaware,2016,Income Taxes,"1,430,520"
Delaware,2016,Individual Income Taxes,"1,112,368"
Delaware,2016,Corporations Net Income Taxes,"318,152"
Delaware,2016,Other Taxes,"99,992"
Delaware,2016,Death and Gift Taxes,"9,350"
Delaware,2016,Documentarty and Stock Transfer Taxes,"89,527"
Delaware,2016,Severance Taxes,X
Delaware,2016,"Taxes, NEC","1,115"
DC,2016,Total Taxes,"7,404,521"
DC,2016,Property Taxes,"2,416,604"
DC,2016,Sales and Gross Receipts Taxes,"1,783,982"
DC,2016,General Sales and Gross Receipts Taxes,"1,343,192"
DC,2016,Selective Sales and Gross Receipts Taxes,"440,790"
DC,2016,Alcoholic Beverages Sales Tax,"6,468"
DC,2016,Amusements Sales Tax,X
DC,2016,Insurance Premiums Sales Tax,"106,887"
DC,2016,Motor Fuels Sales Tax,"25,332"
DC,2016,Pari-mutuels Sales Tax,X
DC,2016,Public Utilities Sales Tax,"186,498"
DC,2016,Tobacco Products Sales Tax,"30,451"
DC,2016,Other Selective Sales and Gross Receipts Taxes,"85,154"
DC,2016,License Taxes,"180,380"
DC,2016,Alcoholic Beverages License,"7,855"
DC,2016,Amusements License,X
DC,2016,Corporations in General License,"32,764"
DC,2016,Hunting and Fishing License,94
DC,2016,Motor Vehicle License,"36,751"
DC,2016,Motor Vehicle Operators License,"5,079"
DC,2016,Public Utilities License,X
DC,2016,"Occupation and Business License, NEC","49,004"
DC,2016,Other License Taxes,"48,833"
DC,2016,Income Taxes,"2,464,330"
DC,2016,Individual Income Taxes,"1,907,862"
DC,2016,Corporations Net Income Taxes,"556,468"
DC,2016,Other Taxes,"559,225"
DC,2016,Death and Gift Taxes,"53,967"
DC,2016,Documentarty and Stock Transfer Taxes,"444,194"
DC,2016,Severance Taxes,X
DC,2016,"Taxes, NEC","61,064"
Florida,2016,Total Taxes,"37,640,420"
Florida,2016,Property Taxes,20
Florida,2016,Sales and Gross Receipts Taxes,"30,429,302"
Florida,2016,General Sales and Gross Receipts Taxes,"22,291,157"
Florida,2016,Selective Sales and Gross Receipts Taxes,"8,138,145"
Florida,2016,Alcoholic Beverages Sales Tax,"396,418"
Florida,2016,Amusements Sales Tax,"202,942"
Florida,2016,Insurance Premiums Sales Tax,"705,400"
Florida,2016,Motor Fuels Sales Tax,"2,611,492"
Florida,2016,Pari-mutuels Sales Tax,"6,921"
Florida,2016,Public Utilities Sales Tax,"2,408,133"
Florida,2016,Tobacco Products Sales Tax,"1,223,029"
Florida,2016,Other Selective Sales and Gross Receipts Taxes,"583,810"
Florida,2016,License Taxes,"2,241,468"
Florida,2016,Alcoholic Beverages License,"9,132"
Florida,2016,Amusements License,"18,000"
Florida,2016,Corporations in General License,"315,059"
Florida,2016,Hunting and Fishing License,"17,026"
Florida,2016,Motor Vehicle License,"1,552,251"
Florida,2016,Motor Vehicle Operators License,"117,146"
Florida,2016,Public Utilities License,"25,516"
Florida,2016,"Occupation and Business License, NEC","177,077"
Florida,2016,Other License Taxes,"10,261"
Florida,2016,Income Taxes,"2,272,230"
Florida,2016,Individual Income Taxes,X
Florida,2016,Corporations Net Income Taxes,"2,272,230"
Florida,2016,Other Taxes,"2,697,400"
Florida,2016,Death and Gift Taxes,140
Florida,2016,Documentarty and Stock Transfer Taxes,"2,662,080"
Florida,2016,Severance Taxes,"35,180"
Florida,2016,"Taxes, NEC",X
Georgia,2016,Total Taxes,"21,454,446"
Georgia,2016,Property Taxes,"961,780"
Georgia,2016,Sales and Gross Receipts Taxes,"8,408,456"
Georgia,2016,General Sales and Gross Receipts Taxes,"5,480,196"
Georgia,2016,Selective Sales and Gross Receipts Taxes,"2,928,260"
Georgia,2016,Alcoholic Beverages Sales Tax,"190,536"
Georgia,2016,Amusements Sales Tax,X
Georgia,2016,Insurance Premiums Sales Tax,"428,700"
Georgia,2016,Motor Fuels Sales Tax,"1,655,028"
Georgia,2016,Pari-mutuels Sales Tax,X
Georgia,2016,Public Utilities Sales Tax,X
Georgia,2016,Tobacco Products Sales Tax,"219,870"
Georgia,2016,Other Selective Sales and Gross Receipts Taxes,"434,126"
Georgia,2016,License Taxes,"663,946"
Georgia,2016,Alcoholic Beverages License,"3,983"
Georgia,2016,Amusements License,0
Georgia,2016,Corporations in General License,"51,050"
Georgia,2016,Hunting and Fishing License,"26,569"
Georgia,2016,Motor Vehicle License,"366,897"
Georgia,2016,Motor Vehicle Operators License,"108,475"
Georgia,2016,Public Utilities License,X
Georgia,2016,"Occupation and Business License, NEC","82,123"
Georgia,2016,Other License Taxes,"24,849"
Georgia,2016,Income Taxes,"11,420,536"
Georgia,2016,Individual Income Taxes,"10,439,534"
Georgia,2016,Corporations Net Income Taxes,"981,002"
Georgia,2016,Other Taxes,-272
Georgia,2016,Death and Gift Taxes,-414
Georgia,2016,Documentarty and Stock Transfer Taxes,142
Georgia,2016,Severance Taxes,X
Georgia,2016,"Taxes, NEC",X
Hawaii,2016,Total Taxes,"6,919,035"
Hawaii,2016,Property Taxes,X
Hawaii,2016,Sales and Gross Receipts Taxes,"4,315,902"
Hawaii,2016,General Sales and Gross Receipts Taxes,"3,206,154"
Hawaii,2016,Selective Sales and Gross Receipts Taxes,"1,109,748"
Hawaii,2016,Alcoholic Beverages Sales Tax,"50,590"
Hawaii,2016,Amusements Sales Tax,X
Hawaii,2016,Insurance Premiums Sales Tax,"157,900"
Hawaii,2016,Motor Fuels Sales Tax,"92,591"
Hawaii,2016,Pari-mutuels Sales Tax,X
Hawaii,2016,Public Utilities Sales Tax,"152,760"
Hawaii,2016,Tobacco Products Sales Tax,"124,890"
Hawaii,2016,Other Selective Sales and Gross Receipts Taxes,"531,017"
Hawaii,2016,License Taxes,"263,130"
Hawaii,2016,Alcoholic Beverages License,X
Hawaii,2016,Amusements License,X
Hawaii,2016,Corporations in General License,"1,765"
Hawaii,2016,Hunting and Fishing License,599
Hawaii,2016,Motor Vehicle License,"186,742"
Hawaii,2016,Motor Vehicle Operators License,349
Hawaii,2016,Public Utilities License,"20,804"
Hawaii,2016,"Occupation and Business License, NEC","41,566"
Hawaii,2016,Other License Taxes,"11,305"
Hawaii,2016,Income Taxes,"2,224,299"
Hawaii,2016,Individual Income Taxes,"2,116,130"
Hawaii,2016,Corporations Net Income Taxes,"108,169"
Hawaii,2016,Other Taxes,"115,704"
Hawaii,2016,Death and Gift Taxes,"49,613"
Hawaii,2016,Documentarty and Stock Transfer Taxes,"66,091"
Hawaii,2016,Severance Taxes,X
Hawaii,2016,"Taxes, NEC",X
Idaho,2016,Total Taxes,"4,209,514"
Idaho,2016,Property Taxes,X
Idaho,2016,Sales and Gross Receipts Taxes,"2,121,094"
Idaho,2016,General Sales and Gross Receipts Taxes,"1,559,332"
Idaho,2016,Selective Sales and Gross Receipts Taxes,"561,762"
Idaho,2016,Alcoholic Beverages Sales Tax,"9,235"
Idaho,2016,Amusements Sales Tax,X
Idaho,2016,Insurance Premiums Sales Tax,"87,727"
Idaho,2016,Motor Fuels Sales Tax,"337,335"
Idaho,2016,Pari-mutuels Sales Tax,"3,666"
Idaho,2016,Public Utilities Sales Tax,"1,876"
Idaho,2016,Tobacco Products Sales Tax,"50,574"
Idaho,2016,Other Selective Sales and Gross Receipts Taxes,"71,349"
Idaho,2016,License Taxes,"372,883"
Idaho,2016,Alcoholic Beverages License,"1,662"
Idaho,2016,Amusements License,289
Idaho,2016,Corporations in General License,"2,502"
Idaho,2016,Hunting and Fishing License,"39,984"
Idaho,2016,Motor Vehicle License,"177,260"
Idaho,2016,Motor Vehicle Operators License,"11,187"
Idaho,2016,Public Utilities License,"57,166"
Idaho,2016,"Occupation and Business License, NEC","79,026"
Idaho,2016,Other License Taxes,"3,807"
Idaho,2016,Income Taxes,"1,710,234"
Idaho,2016,Individual Income Taxes,"1,521,238"
Idaho,2016,Corporations Net Income Taxes,"188,996"
Idaho,2016,Other Taxes,"5,303"
Idaho,2016,Death and Gift Taxes,X
Idaho,2016,Documentarty and Stock Transfer Taxes,X
Idaho,2016,Severance Taxes,"5,303"
Idaho,2016,"Taxes, NEC",X
Illinois,2016,Total Taxes,"38,907,220"
Illinois,2016,Property Taxes,"60,814"
Illinois,2016,Sales and Gross Receipts Taxes,"18,524,265"
Illinois,2016,General Sales and Gross Receipts Taxes,"11,344,480"
Illinois,2016,Selective Sales and Gross Receipts Taxes,"7,179,785"
Illinois,2016,Alcoholic Beverages Sales Tax,"287,865"
Illinois,2016,Amusements Sales Tax,"787,519"
Illinois,2016,Insurance Premiums Sales Tax,"424,959"
Illinois,2016,Motor Fuels Sales Tax,"1,354,039"
Illinois,2016,Pari-mutuels Sales Tax,"6,420"
Illinois,2016,Public Utilities Sales Tax,"1,585,911"
Illinois,2016,Tobacco Products Sales Tax,"844,928"
Illinois,2016,Other Selective Sales and Gross Receipts Taxes,"1,888,144"
Illinois,2016,License Taxes,"2,745,949"
Illinois,2016,Alcoholic Beverages License,"13,097"
Illinois,2016,Amusements License,"15,442"
Illinois,2016,Corporations in General License,"363,019"
Illinois,2016,Hunting and Fishing License,"40,354"
Illinois,2016,Motor Vehicle License,"1,695,934"
Illinois,2016,Motor Vehicle Operators License,"116,222"
Illinois,2016,Public Utilities License,"4,723"
Illinois,2016,"Occupation and Business License, NEC","469,273"
Illinois,2016,Other License Taxes,"27,885"
Illinois,2016,Income Taxes,"17,173,986"
Illinois,2016,Individual Income Taxes,"13,806,525"
Illinois,2016,Corporations Net Income Taxes,"3,367,461"
Illinois,2016,Other Taxes,"402,206"
Illinois,2016,Death and Gift Taxes,"325,230"
Illinois,2016,Documentarty and Stock Transfer Taxes,"76,976"
Illinois,2016,Severance Taxes,X
Illinois,2016,"Taxes, NEC",X
Indiana,2016,Total Taxes,"17,587,958"
Indiana,2016,Property Taxes,"10,699"
Indiana,2016,Sales and Gross Receipts Taxes,"10,608,207"
Indiana,2016,General Sales and Gross Receipts Taxes,"7,306,331"
Indiana,2016,Selective Sales and Gross Receipts Taxes,"3,301,876"
Indiana,2016,Alcoholic Beverages Sales Tax,"48,310"
Indiana,2016,Amusements Sales Tax,"578,829"
Indiana,2016,Insurance Premiums Sales Tax,"235,024"
Indiana,2016,Motor Fuels Sales Tax,"845,384"
Indiana,2016,Pari-mutuels Sales Tax,"1,958"
Indiana,2016,Public Utilities Sales Tax,"214,976"
Indiana,2016,Tobacco Products Sales Tax,"443,210"
Indiana,2016,Other Selective Sales and Gross Receipts Taxes,"934,185"
Indiana,2016,License Taxes,"714,634"
Indiana,2016,Alcoholic Beverages License,"12,871"
Indiana,2016,Amusements License,"5,912"
Indiana,2016,Corporations in General License,"7,534"
Indiana,2016,Hunting and Fishing License,"19,362"
Indiana,2016,Motor Vehicle License,"294,209"
Indiana,2016,Motor Vehicle Operators License,"237,329"
Indiana,2016,Public Utilities License,X
Indiana,2016,"Occupation and Business License, NEC","55,437"
Indiana,2016,Other License Taxes,"81,980"
Indiana,2016,Income Taxes,"6,252,533"
Indiana,2016,Individual Income Taxes,"5,218,166"
Indiana,2016,Corporations Net Income Taxes,"1,034,367"
Indiana,2016,Other Taxes,"1,885"
Indiana,2016,Death and Gift Taxes,872
Indiana,2016,Documentarty and Stock Transfer Taxes,X
Indiana,2016,Severance Taxes,"1,013"
Indiana,2016,"Taxes, NEC",X
Iowa,2016,Total Taxes,"9,558,563"
Iowa,2016,Property Taxes,"1,410"
Iowa,2016,Sales and Gross Receipts Taxes,"4,591,421"
Iowa,2016,General Sales and Gross Receipts Taxes,"3,162,854"
Iowa,2016,Selective Sales and Gross Receipts Taxes,"1,428,567"
Iowa,2016,Alcoholic Beverages Sales Tax,"22,423"
Iowa,2016,Amusements Sales Tax,"298,017"
Iowa,2016,Insurance Premiums Sales Tax,"119,571"
Iowa,2016,Motor Fuels Sales Tax,"689,693"
Iowa,2016,Pari-mutuels Sales Tax,"3,666"
Iowa,2016,Public Utilities Sales Tax,"28,700"
Iowa,2016,Tobacco Products Sales Tax,"227,901"
Iowa,2016,Other Selective Sales and Gross Receipts Taxes,"38,596"
Iowa,2016,License Taxes,"925,958"
Iowa,2016,Alcoholic Beverages License,"15,468"
Iowa,2016,Amusements License,"33,156"
Iowa,2016,Corporations in General License,"46,695"
Iowa,2016,Hunting and Fishing License,"29,246"
Iowa,2016,Motor Vehicle License,"610,762"
Iowa,2016,Motor Vehicle Operators License,"16,750"
Iowa,2016,Public Utilities License,"12,035"
Iowa,2016,"Occupation and Business License, NEC","153,278"
Iowa,2016,Other License Taxes,"8,568"
Iowa,2016,Income Taxes,"3,930,190"
Iowa,2016,Individual Income Taxes,"3,553,325"
Iowa,2016,Corporations Net Income Taxes,"376,865"
Iowa,2016,Other Taxes,"109,584"
Iowa,2016,Death and Gift Taxes,"88,759"
Iowa,2016,Documentarty and Stock Transfer Taxes,"20,825"
Iowa,2016,Severance Taxes,X
Iowa,2016,"Taxes, NEC",X
Kansas,2016,Total Taxes,"8,058,949"
Kansas,2016,Property Taxes,"663,841"
Kansas,2016,Sales and Gross Receipts Taxes,"4,324,953"
Kansas,2016,General Sales and Gross Receipts Taxes,"3,240,354"
Kansas,2016,Selective Sales and Gross Receipts Taxes,"1,084,599"
Kansas,2016,Alcoholic Beverages Sales Tax,"133,709"
Kansas,2016,Amusements Sales Tax,331
Kansas,2016,Insurance Premiums Sales Tax,"305,631"
Kansas,2016,Motor Fuels Sales Tax,"450,633"
Kansas,2016,Pari-mutuels Sales Tax,X
Kansas,2016,Public Utilities Sales Tax,406
Kansas,2016,Tobacco Products Sales Tax,"146,552"
Kansas,2016,Other Selective Sales and Gross Receipts Taxes,"47,337"
Kansas,2016,License Taxes,"396,648"
Kansas,2016,Alcoholic Beverages License,"3,672"
Kansas,2016,Amusements License,"6,379"
Kansas,2016,Corporations in General License,"27,173"
Kansas,2016,Hunting and Fishing License,"30,568"
Kansas,2016,Motor Vehicle License,"219,463"
Kansas,2016,Motor Vehicle Operators License,"20,189"
Kansas,2016,Public Utilities License,"4,981"
Kansas,2016,"Occupation and Business License, NEC","81,617"
Kansas,2016,Other License Taxes,"2,606"
Kansas,2016,Income Taxes,"2,623,779"
Kansas,2016,Individual Income Taxes,"2,231,902"
Kansas,2016,Corporations Net Income Taxes,"391,877"
Kansas,2016,Other Taxes,"49,728"
Kansas,2016,Death and Gift Taxes,1
Kansas,2016,Documentarty and Stock Transfer Taxes,X
Kansas,2016,Severance Taxes,"49,727"
Kansas,2016,"Taxes, NEC",X
Kentucky,2016,Total Taxes,"11,778,866"
Kentucky,2016,Property Taxes,"577,544"
Kentucky,2016,Sales and Gross Receipts Taxes,"5,603,120"
Kentucky,2016,General Sales and Gross Receipts Taxes,"3,462,704"
Kentucky,2016,Selective Sales and Gross Receipts Taxes,"2,140,416"
Kentucky,2016,Alcoholic Beverages Sales Tax,"139,248"
Kentucky,2016,Amusements Sales Tax,229
Kentucky,2016,Insurance Premiums Sales Tax,"145,250"
Kentucky,2016,Motor Fuels Sales Tax,"750,034"
Kentucky,2016,Pari-mutuels Sales Tax,"4,993"
Kentucky,2016,Public Utilities Sales Tax,"64,681"
Kentucky,2016,Tobacco Products Sales Tax,"245,581"
Kentucky,2016,Other Selective Sales and Gross Receipts Taxes,"790,400"
Kentucky,2016,License Taxes,"505,377"
Kentucky,2016,Alcoholic Beverages License,"6,616"
Kentucky,2016,Amusements License,324
Kentucky,2016,Corporations in General License,"109,321"
Kentucky,2016,Hunting and Fishing License,"28,455"
Kentucky,2016,Motor Vehicle License,"207,617"
Kentucky,2016,Motor Vehicle Operators License,"16,836"
Kentucky,2016,Public Utilities License,X
Kentucky,2016,"Occupation and Business License, NEC","130,826"
Kentucky,2016,Other License Taxes,"5,382"
Kentucky,2016,Income Taxes,"4,888,920"
Kentucky,2016,Individual Income Taxes,"4,282,080"
Kentucky,2016,Corporations Net Income Taxes,"606,840"
Kentucky,2016,Other Taxes,"203,905"
Kentucky,2016,Death and Gift Taxes,"51,247"
Kentucky,2016,Documentarty and Stock Transfer Taxes,"3,255"
Kentucky,2016,Severance Taxes,"149,403"
Kentucky,2016,"Taxes, NEC",X
Louisiana,2016,Total Taxes,"9,309,673"
Louisiana,2016,Property Taxes,"62,273"
Louisiana,2016,Sales and Gross Receipts Taxes,"5,352,907"
Louisiana,2016,General Sales and Gross Receipts Taxes,"3,186,614"
Louisiana,2016,Selective Sales and Gross Receipts Taxes,"2,166,293"
Louisiana,2016,Alcoholic Beverages Sales Tax,"63,356"
Louisiana,2016,Amusements Sales Tax,"702,573"
Louisiana,2016,Insurance Premiums Sales Tax,"518,906"
Louisiana,2016,Motor Fuels Sales Tax,"622,234"
Louisiana,2016,Pari-mutuels Sales Tax,"4,338"
Louisiana,2016,Public Utilities Sales Tax,"8,618"
Louisiana,2016,Tobacco Products Sales Tax,"121,200"
Louisiana,2016,Other Selective Sales and Gross Receipts Taxes,"125,068"
Louisiana,2016,License Taxes,"400,191"
Louisiana,2016,Alcoholic Beverages License,X
Louisiana,2016,Amusements License,X
Louisiana,2016,Corporations in General License,"106,104"
Louisiana,2016,Hunting and Fishing License,"30,789"
Louisiana,2016,Motor Vehicle License,"133,362"
Louisiana,2016,Motor Vehicle Operators License,"14,277"
Louisiana,2016,Public Utilities License,"11,678"
Louisiana,2016,"Occupation and Business License, NEC","99,581"
Louisiana,2016,Other License Taxes,"4,400"
Louisiana,2016,Income Taxes,"3,038,035"
Louisiana,2016,Individual Income Taxes,"2,866,456"
Louisiana,2016,Corporations Net Income Taxes,"171,579"
Louisiana,2016,Other Taxes,"456,267"
Louisiana,2016,Death and Gift Taxes,0
Louisiana,2016,Documentarty and Stock Transfer Taxes,X
Louisiana,2016,Severance Taxes,"456,267"
Louisiana,2016,"Taxes, NEC",X
Maine,2016,Total Taxes,"4,130,242"
Maine,2016,Property Taxes,"35,425"
Maine,2016,Sales and Gross Receipts Taxes,"2,077,913"
Maine,2016,General Sales and Gross Receipts Taxes,"1,359,190"
Maine,2016,Selective Sales and Gross Receipts Taxes,"718,723"
Maine,2016,Alcoholic Beverages Sales Tax,"18,741"
Maine,2016,Amusements Sales Tax,"53,255"
Maine,2016,Insurance Premiums Sales Tax,"102,528"
Maine,2016,Motor Fuels Sales Tax,"245,053"
Maine,2016,Pari-mutuels Sales Tax,"1,562"
Maine,2016,Public Utilities Sales Tax,"21,674"
Maine,2016,Tobacco Products Sales Tax,"141,464"
Maine,2016,Other Selective Sales and Gross Receipts Taxes,"134,446"
Maine,2016,License Taxes,"272,253"
Maine,2016,Alcoholic Beverages License,"5,445"
Maine,2016,Amusements License,590
Maine,2016,Corporations in General License,"10,100"
Maine,2016,Hunting and Fishing License,"16,731"
Maine,2016,Motor Vehicle License,"108,845"
Maine,2016,Motor Vehicle Operators License,"10,935"
Maine,2016,Public Utilities License,X
Maine,2016,"Occupation and Business License, NEC","110,986"
Maine,2016,Other License Taxes,"8,621"
Maine,2016,Income Taxes,"1,689,129"
Maine,2016,Individual Income Taxes,"1,551,637"
Maine,2016,Corporations Net Income Taxes,"137,492"
Maine,2016,Other Taxes,"55,522"
Maine,2016,Death and Gift Taxes,"27,198"
Maine,2016,Documentarty and Stock Transfer Taxes,"28,324"
Maine,2016,Severance Taxes,X
Maine,2016,"Taxes, NEC",X
Maryland,2016,Total Taxes,"20,894,199"
Maryland,2016,Property Taxes,"748,389"
Maryland,2016,Sales and Gross Receipts Taxes,"8,939,430"
Maryland,2016,General Sales and Gross Receipts Taxes,"4,504,242"
Maryland,2016,Selective Sales and Gross Receipts Taxes,"4,435,188"
Maryland,2016,Alcoholic Beverages Sales Tax,"31,627"
Maryland,2016,Amusements Sales Tax,"650,293"
Maryland,2016,Insurance Premiums Sales Tax,"552,526"
Maryland,2016,Motor Fuels Sales Tax,"1,017,769"
Maryland,2016,Pari-mutuels Sales Tax,"1,173"
Maryland,2016,Public Utilities Sales Tax,"137,537"
Maryland,2016,Tobacco Products Sales Tax,"395,266"
Maryland,2016,Other Selective Sales and Gross Receipts Taxes,"1,648,997"
Maryland,2016,License Taxes,"884,363"
Maryland,2016,Alcoholic Beverages License,"1,446"
Maryland,2016,Amusements License,"1,415"
Maryland,2016,Corporations in General License,"103,860"
Maryland,2016,Hunting and Fishing License,"17,883"
Maryland,2016,Motor Vehicle License,"492,753"
Maryland,2016,Motor Vehicle Operators License,"36,597"
Maryland,2016,Public Utilities License,X
Maryland,2016,"Occupation and Business License, NEC","228,582"
Maryland,2016,Other License Taxes,"1,827"
Maryland,2016,Income Taxes,"9,646,537"
Maryland,2016,Individual Income Taxes,"8,517,529"
Maryland,2016,Corporations Net Income Taxes,"1,129,008"
Maryland,2016,Other Taxes,"675,480"
Maryland,2016,Death and Gift Taxes,"261,922"
Maryland,2016,Documentarty and Stock Transfer Taxes,"200,858"
Maryland,2016,Severance Taxes,X
Maryland,2016,"Taxes, NEC","212,700"
Massachusetts,2016,Total Taxes,"27,283,005"
Massachusetts,2016,Property Taxes,"5,818"
Massachusetts,2016,Sales and Gross Receipts Taxes,"8,683,866"
Massachusetts,2016,General Sales and Gross Receipts Taxes,"6,089,860"
Massachusetts,2016,Selective Sales and Gross Receipts Taxes,"2,594,006"
Massachusetts,2016,Alcoholic Beverages Sales Tax,"83,395"
Massachusetts,2016,Amusements Sales Tax,"66,844"
Massachusetts,2016,Insurance Premiums Sales Tax,"406,796"
Massachusetts,2016,Motor Fuels Sales Tax,"766,553"
Massachusetts,2016,Pari-mutuels Sales Tax,"1,326"
Massachusetts,2016,Public Utilities Sales Tax,"24,929"
Massachusetts,2016,Tobacco Products Sales Tax,"640,839"
Massachusetts,2016,Other Selective Sales and Gross Receipts Taxes,"603,324"
Massachusetts,2016,License Taxes,"1,122,219"
Massachusetts,2016,Alcoholic Beverages License,"3,450"
Massachusetts,2016,Amusements License,"14,916"
Massachusetts,2016,Corporations in General License,"26,922"
Massachusetts,2016,Hunting and Fishing License,"5,532"
Massachusetts,2016,Motor Vehicle License,"464,428"
Massachusetts,2016,Motor Vehicle Operators License,"99,051"
Massachusetts,2016,Public Utilities License,X
Massachusetts,2016,"Occupation and Business License, NEC","324,481"
Massachusetts,2016,Other License Taxes,"183,439"
Massachusetts,2016,Income Taxes,"16,764,223"
Massachusetts,2016,Individual Income Taxes,"14,430,331"
Massachusetts,2016,Corporations Net Income Taxes,"2,333,892"
Massachusetts,2016,Other Taxes,"706,879"
Massachusetts,2016,Death and Gift Taxes,"399,429"
Massachusetts,2016,Documentarty and Stock Transfer Taxes,"307,450"
Massachusetts,2016,Severance Taxes,X
Massachusetts,2016,"Taxes, NEC",0
Michigan,2016,Total Taxes,"27,436,607"
Michigan,2016,Property Taxes,"2,034,013"
Michigan,2016,Sales and Gross Receipts Taxes,"13,239,133"
Michigan,2016,General Sales and Gross Receipts Taxes,"9,163,542"
Michigan,2016,Selective Sales and Gross Receipts Taxes,"4,075,591"
Michigan,2016,Alcoholic Beverages Sales Tax,"157,242"
Michigan,2016,Amusements Sales Tax,"111,618"
Michigan,2016,Insurance Premiums Sales Tax,"328,138"
Michigan,2016,Motor Fuels Sales Tax,"1,028,780"
Michigan,2016,Pari-mutuels Sales Tax,"3,878"
Michigan,2016,Public Utilities Sales Tax,"28,208"
Michigan,2016,Tobacco Products Sales Tax,"947,194"
Michigan,2016,Other Selective Sales and Gross Receipts Taxes,"1,470,533"
Michigan,2016,License Taxes,"1,660,663"
Michigan,2016,Alcoholic Beverages License,"17,469"
Michigan,2016,Amusements License,X
Michigan,2016,Corporations in General License,"23,703"
Michigan,2016,Hunting and Fishing License,"64,214"
Michigan,2016,Motor Vehicle License,"1,070,548"
Michigan,2016,Motor Vehicle Operators License,"59,478"
Michigan,2016,Public Utilities License,"33,857"
Michigan,2016,"Occupation and Business License, NEC","162,626"
Michigan,2016,Other License Taxes,"228,768"
Michigan,2016,Income Taxes,"10,202,060"
Michigan,2016,Individual Income Taxes,"9,303,847"
Michigan,2016,Corporations Net Income Taxes,"898,213"
Michigan,2016,Other Taxes,"300,738"
Michigan,2016,Death and Gift Taxes,23
Michigan,2016,Documentarty and Stock Transfer Taxes,"277,149"
Michigan,2016,Severance Taxes,"23,565"
Michigan,2016,"Taxes, NEC",1
Minnesota,2016,Total Taxes,"25,189,128"
Minnesota,2016,Property Taxes,"849,824"
Minnesota,2016,Sales and Gross Receipts Taxes,"10,120,647"
Minnesota,2016,General Sales and Gross Receipts Taxes,"5,583,910"
Minnesota,2016,Selective Sales and Gross Receipts Taxes,"4,536,737"
Minnesota,2016,Alcoholic Beverages Sales Tax,"88,352"
Minnesota,2016,Amusements Sales Tax,"56,310"
Minnesota,2016,Insurance Premiums Sales Tax,"457,876"
Minnesota,2016,Motor Fuels Sales Tax,"901,156"
Minnesota,2016,Pari-mutuels Sales Tax,522
Minnesota,2016,Public Utilities Sales Tax,54
Minnesota,2016,Tobacco Products Sales Tax,"650,042"
Minnesota,2016,Other Selective Sales and Gross Receipts Taxes,"2,382,425"
Minnesota,2016,License Taxes,"1,426,235"
Minnesota,2016,Alcoholic Beverages License,"2,580"
Minnesota,2016,Amusements License,"1,161"
Minnesota,2016,Corporations in General License,"8,201"
Minnesota,2016,Hunting and Fishing License,"64,581"
Minnesota,2016,Motor Vehicle License,"741,938"
Minnesota,2016,Motor Vehicle Operators License,"47,452"
Minnesota,2016,Public Utilities License,934
Minnesota,2016,"Occupation and Business License, NEC","499,122"
Minnesota,2016,Other License Taxes,"60,266"
Minnesota,2016,Income Taxes,"12,248,267"
Minnesota,2016,Individual Income Taxes,"10,732,570"
Minnesota,2016,Corporations Net Income Taxes,"1,515,697"
Minnesota,2016,Other Taxes,"544,155"
Minnesota,2016,Death and Gift Taxes,"182,499"
Minnesota,2016,Documentarty and Stock Transfer Taxes,"226,485"
Minnesota,2016,Severance Taxes,"49,711"
Minnesota,2016,"Taxes, NEC","85,460"
Mississippi,2016,Total Taxes,"7,660,391"
Mississippi,2016,Property Taxes,"26,725"
Mississippi,2016,Sales and Gross Receipts Taxes,"4,777,794"
Mississippi,2016,General Sales and Gross Receipts Taxes,"3,297,760"
Mississippi,2016,Selective Sales and Gross Receipts Taxes,"1,480,034"
Mississippi,2016,Alcoholic Beverages Sales Tax,"42,352"
Mississippi,2016,Amusements Sales Tax,"133,847"
Mississippi,2016,Insurance Premiums Sales Tax,"317,659"
Mississippi,2016,Motor Fuels Sales Tax,"443,578"
Mississippi,2016,Pari-mutuels Sales Tax,X
Mississippi,2016,Public Utilities Sales Tax,"1,602"
Mississippi,2016,Tobacco Products Sales Tax,"145,931"
Mississippi,2016,Other Selective Sales and Gross Receipts Taxes,"395,065"
Mississippi,2016,License Taxes,"553,510"
Mississippi,2016,Alcoholic Beverages License,"1,306"
Mississippi,2016,Amusements License,"35,337"
Mississippi,2016,Corporations in General License,"144,283"
Mississippi,2016,Hunting and Fishing License,"2,731"
Mississippi,2016,Motor Vehicle License,"158,029"
Mississippi,2016,Motor Vehicle Operators License,"15,272"
Mississippi,2016,Public Utilities License,"7,292"
Mississippi,2016,"Occupation and Business License, NEC","129,892"
Mississippi,2016,Other License Taxes,"59,368"
Mississippi,2016,Income Taxes,"2,263,164"
Mississippi,2016,Individual Income Taxes,"1,800,053"
Mississippi,2016,Corporations Net Income Taxes,"463,111"
Mississippi,2016,Other Taxes,"39,198"
Mississippi,2016,Death and Gift Taxes,4
Mississippi,2016,Documentarty and Stock Transfer Taxes,X
Mississippi,2016,Severance Taxes,"39,194"
Mississippi,2016,"Taxes, NEC",0
Missouri,2016,Total Taxes,"12,245,169"
Missouri,2016,Property Taxes,"30,892"
Missouri,2016,Sales and Gross Receipts Taxes,"5,302,264"
Missouri,2016,General Sales and Gross Receipts Taxes,"3,536,396"
Missouri,2016,Selective Sales and Gross Receipts Taxes,"1,765,868"
Missouri,2016,Alcoholic Beverages Sales Tax,"36,849"
Missouri,2016,Amusements Sales Tax,"367,814"
Missouri,2016,Insurance Premiums Sales Tax,"400,734"
Missouri,2016,Motor Fuels Sales Tax,"717,178"
Missouri,2016,Pari-mutuels Sales Tax,X
Missouri,2016,Public Utilities Sales Tax,X
Missouri,2016,Tobacco Products Sales Tax,"101,944"
Missouri,2016,Other Selective Sales and Gross Receipts Taxes,"141,349"
Missouri,2016,License Taxes,"547,326"
Missouri,2016,Alcoholic Beverages License,"5,359"
Missouri,2016,Amusements License,"1,799"
Missouri,2016,Corporations in General License,"13,430"
Missouri,2016,Hunting and Fishing License,"34,369"
Missouri,2016,Motor Vehicle License,"289,124"
Missouri,2016,Motor Vehicle Operators License,"17,356"
Missouri,2016,Public Utilities License,"19,842"
Missouri,2016,"Occupation and Business License, NEC","143,496"
Missouri,2016,Other License Taxes,"22,551"
Missouri,2016,Income Taxes,"6,352,437"
Missouri,2016,Individual Income Taxes,"6,023,701"
Missouri,2016,Corporations Net Income Taxes,"328,736"
Missouri,2016,Other Taxes,"12,250"
Missouri,2016,Death and Gift Taxes,56
Missouri,2016,Documentarty and Stock Transfer Taxes,"12,102"
Missouri,2016,Severance Taxes,9
Missouri,2016,"Taxes, NEC",83
Montana,2016,Total Taxes,"2,627,943"
Montana,2016,Property Taxes,"278,497"
Montana,2016,Sales and Gross Receipts Taxes,"562,474"
Montana,2016,General Sales and Gross Receipts Taxes,X
Montana,2016,Selective Sales and Gross Receipts Taxes,"562,474"
Montana,2016,Alcoholic Beverages Sales Tax,"31,907"
Montana,2016,Amusements Sales Tax,"60,392"
Montana,2016,Insurance Premiums Sales Tax,"98,463"
Montana,2016,Motor Fuels Sales Tax,"186,083"
Montana,2016,Pari-mutuels Sales Tax,44
Montana,2016,Public Utilities Sales Tax,"43,995"
Montana,2016,Tobacco Products Sales Tax,"86,289"
Montana,2016,Other Selective Sales and Gross Receipts Taxes,"55,301"
Montana,2016,License Taxes,"319,020"
Montana,2016,Alcoholic Beverages License,"3,374"
Montana,2016,Amusements License,"7,576"
Montana,2016,Corporations in General License,"4,282"
Montana,2016,Hunting and Fishing License,"32,517"
Montana,2016,Motor Vehicle License,"144,973"
Montana,2016,Motor Vehicle Operators License,"8,573"
Montana,2016,Public Utilities License,12
Montana,2016,"Occupation and Business License, NEC","107,039"
Montana,2016,Other License Taxes,"10,674"
Montana,2016,Income Taxes,"1,300,011"
Montana,2016,Individual Income Taxes,"1,181,042"
Montana,2016,Corporations Net Income Taxes,"118,969"
Montana,2016,Other Taxes,"167,941"
Montana,2016,Death and Gift Taxes,X
Montana,2016,Documentarty and Stock Transfer Taxes,X
Montana,2016,Severance Taxes,"164,373"
Montana,2016,"Taxes, NEC","3,568"
Nebraska,2016,Total Taxes,"5,117,133"
Nebraska,2016,Property Taxes,123
Nebraska,2016,Sales and Gross Receipts Taxes,"2,362,718"
Nebraska,2016,General Sales and Gross Receipts Taxes,"1,783,498"
Nebraska,2016,Selective Sales and Gross Receipts Taxes,"579,220"
Nebraska,2016,Alcoholic Beverages Sales Tax,"30,520"
Nebraska,2016,Amusements Sales Tax,"5,800"
Nebraska,2016,Insurance Premiums Sales Tax,"65,465"
Nebraska,2016,Motor Fuels Sales Tax,"342,004"
Nebraska,2016,Pari-mutuels Sales Tax,160
Nebraska,2016,Public Utilities Sales Tax,"49,288"
Nebraska,2016,Tobacco Products Sales Tax,"61,258"
Nebraska,2016,Other Selective Sales and Gross Receipts Taxes,"24,725"
Nebraska,2016,License Taxes,"185,082"
Nebraska,2016,Alcoholic Beverages License,648
Nebraska,2016,Amusements License,"1,589"
Nebraska,2016,Corporations in General License,"16,213"
Nebraska,2016,Hunting and Fishing License,"14,608"
Nebraska,2016,Motor Vehicle License,"104,287"
Nebraska,2016,Motor Vehicle Operators License,"10,838"
Nebraska,2016,Public Utilities License,X
Nebraska,2016,"Occupation and Business License, NEC","35,843"
Nebraska,2016,Other License Taxes,"1,056"
Nebraska,2016,Income Taxes,"2,552,391"
Nebraska,2016,Individual Income Taxes,"2,244,719"
Nebraska,2016,Corporations Net Income Taxes,"307,672"
Nebraska,2016,Other Taxes,"16,819"
Nebraska,2016,Death and Gift Taxes,X
Nebraska,2016,Documentarty and Stock Transfer Taxes,"14,292"
Nebraska,2016,Severance Taxes,"2,527"
Nebraska,2016,"Taxes, NEC",X
Nevada,2016,Total Taxes,"8,025,046"
Nevada,2016,Property Taxes,"280,055"
Nevada,2016,Sales and Gross Receipts Taxes,"6,347,777"
Nevada,2016,General Sales and Gross Receipts Taxes,"4,266,267"
Nevada,2016,Selective Sales and Gross Receipts Taxes,"2,081,510"
Nevada,2016,Alcoholic Beverages Sales Tax,"45,098"
Nevada,2016,Amusements Sales Tax,"930,045"
Nevada,2016,Insurance Premiums Sales Tax,"310,223"
Nevada,2016,Motor Fuels Sales Tax,"315,897"
Nevada,2016,Pari-mutuels Sales Tax,3
Nevada,2016,Public Utilities Sales Tax,"23,357"
Nevada,2016,Tobacco Products Sales Tax,"174,663"
Nevada,2016,Other Selective Sales and Gross Receipts Taxes,"282,224"
Nevada,2016,License Taxes,"651,067"
Nevada,2016,Alcoholic Beverages License,X
Nevada,2016,Amusements License,"88,907"
Nevada,2016,Corporations in General License,"75,726"
Nevada,2016,Hunting and Fishing License,"12,817"
Nevada,2016,Motor Vehicle License,"196,610"
Nevada,2016,Motor Vehicle Operators License,"30,859"
Nevada,2016,Public Utilities License,X
Nevada,2016,"Occupation and Business License, NEC","242,794"
Nevada,2016,Other License Taxes,"3,354"
Nevada,2016,Income Taxes,X
Nevada,2016,Individual Income Taxes,X
Nevada,2016,Corporations Net Income Taxes,X
Nevada,2016,Other Taxes,"746,147"
Nevada,2016,Death and Gift Taxes,0
Nevada,2016,Documentarty and Stock Transfer Taxes,"81,683"
Nevada,2016,Severance Taxes,"102,686"
Nevada,2016,"Taxes, NEC","561,778"
New Hampshire,2016,Total Taxes,"2,641,946"
New Hampshire,2016,Property Taxes,"406,394"
New Hampshire,2016,Sales and Gross Receipts Taxes,"982,832"
New Hampshire,2016,General Sales and Gross Receipts Taxes,X
New Hampshire,2016,Selective Sales and Gross Receipts Taxes,"982,832"
New Hampshire,2016,Alcoholic Beverages Sales Tax,"12,850"
New Hampshire,2016,Amusements Sales Tax,427
New Hampshire,2016,Insurance Premiums Sales Tax,"113,473"
New Hampshire,2016,Motor Fuels Sales Tax,"144,930"
New Hampshire,2016,Pari-mutuels Sales Tax,922
New Hampshire,2016,Public Utilities Sales Tax,"58,206"
New Hampshire,2016,Tobacco Products Sales Tax,"226,482"
New Hampshire,2016,Other Selective Sales and Gross Receipts Taxes,"425,542"
New Hampshire,2016,License Taxes,"329,549"
New Hampshire,2016,Alcoholic Beverages License,"18,056"
New Hampshire,2016,Amusements License,288
New Hampshire,2016,Corporations in General License,"59,010"
New Hampshire,2016,Hunting and Fishing License,"11,742"
New Hampshire,2016,Motor Vehicle License,"116,127"
New Hampshire,2016,Motor Vehicle Operators License,"5,849"
New Hampshire,2016,Public Utilities License,"16,989"
New Hampshire,2016,"Occupation and Business License, NEC","100,049"
New Hampshire,2016,Other License Taxes,"1,439"
New Hampshire,2016,Income Taxes,"788,210"
New Hampshire,2016,Individual Income Taxes,"87,973"
New Hampshire,2016,Corporations Net Income Taxes,"700,237"
New Hampshire,2016,Other Taxes,"134,961"
New Hampshire,2016,Death and Gift Taxes,X
New Hampshire,2016,Documentarty and Stock Transfer Taxes,"134,961"
New Hampshire,2016,Severance Taxes,X
New Hampshire,2016,"Taxes, NEC",X
New Jersey,2016,Total Taxes,"31,546,720"
New Jersey,2016,Property Taxes,"4,638"
New Jersey,2016,Sales and Gross Receipts Taxes,"13,173,332"
New Jersey,2016,General Sales and Gross Receipts Taxes,"9,267,703"
New Jersey,2016,Selective Sales and Gross Receipts Taxes,"3,905,629"
New Jersey,2016,Alcoholic Beverages Sales Tax,"138,799"
New Jersey,2016,Amusements Sales Tax,"209,417"
New Jersey,2016,Insurance Premiums Sales Tax,"605,447"
New Jersey,2016,Motor Fuels Sales Tax,"554,473"
New Jersey,2016,Pari-mutuels Sales Tax,X
New Jersey,2016,Public Utilities Sales Tax,"964,738"
New Jersey,2016,Tobacco Products Sales Tax,"677,216"
New Jersey,2016,Other Selective Sales and Gross Receipts Taxes,"755,539"
New Jersey,2016,License Taxes,"1,499,889"
New Jersey,2016,Alcoholic Beverages License,"4,199"
New Jersey,2016,Amusements License,"42,181"
New Jersey,2016,Corporations in General License,"247,721"
New Jersey,2016,Hunting and Fishing License,"14,062"
New Jersey,2016,Motor Vehicle License,"642,537"
New Jersey,2016,Motor Vehicle Operators License,"55,873"
New Jersey,2016,Public Utilities License,"6,961"
New Jersey,2016,"Occupation and Business License, NEC","485,336"
New Jersey,2016,Other License Taxes,"1,019"
New Jersey,2016,Income Taxes,"15,585,479"
New Jersey,2016,Individual Income Taxes,"13,355,992"
New Jersey,2016,Corporations Net Income Taxes,"2,229,487"
New Jersey,2016,Other Taxes,"1,283,382"
New Jersey,2016,Death and Gift Taxes,"769,688"
New Jersey,2016,Documentarty and Stock Transfer Taxes,"513,694"
New Jersey,2016,Severance Taxes,X
New Jersey,2016,"Taxes, NEC",X
New Mexico,2016,Total Taxes,"5,462,107"
New Mexico,2016,Property Taxes,"106,524"
New Mexico,2016,Sales and Gross Receipts Taxes,"2,930,004"
New Mexico,2016,General Sales and Gross Receipts Taxes,"2,085,366"
New Mexico,2016,Selective Sales and Gross Receipts Taxes,"844,638"
New Mexico,2016,Alcoholic Beverages Sales Tax,"37,084"
New Mexico,2016,Amusements Sales Tax,"73,000"
New Mexico,2016,Insurance Premiums Sales Tax,"214,688"
New Mexico,2016,Motor Fuels Sales Tax,"245,447"
New Mexico,2016,Pari-mutuels Sales Tax,"1,298"
New Mexico,2016,Public Utilities Sales Tax,"29,552"
New Mexico,2016,Tobacco Products Sales Tax,"82,826"
New Mexico,2016,Other Selective Sales and Gross Receipts Taxes,"160,743"
New Mexico,2016,License Taxes,"342,527"
New Mexico,2016,Alcoholic Beverages License,X
New Mexico,2016,Amusements License,653
New Mexico,2016,Corporations in General License,"25,706"
New Mexico,2016,Hunting and Fishing License,"25,738"
New Mexico,2016,Motor Vehicle License,"234,806"
New Mexico,2016,Motor Vehicle Operators License,"12,325"
New Mexico,2016,Public Utilities License,"1,720"
New Mexico,2016,"Occupation and Business License, NEC","41,579"
New Mexico,2016,Other License Taxes,X
New Mexico,2016,Income Taxes,"1,523,753"
New Mexico,2016,Individual Income Taxes,"1,409,811"
New Mexico,2016,Corporations Net Income Taxes,"113,942"
New Mexico,2016,Other Taxes,"559,299"
New Mexico,2016,Death and Gift Taxes,1
New Mexico,2016,Documentarty and Stock Transfer Taxes,X
New Mexico,2016,Severance Taxes,"559,296"
New Mexico,2016,"Taxes, NEC",2
New York,2016,Total Taxes,"81,353,963"
New York,2016,Property Taxes,X
New York,2016,Sales and Gross Receipts Taxes,"24,790,017"
New York,2016,General Sales and Gross Receipts Taxes,"13,534,170"
New York,2016,Selective Sales and Gross Receipts Taxes,"11,255,847"
New York,2016,Alcoholic Beverages Sales Tax,"299,931"
New York,2016,Amusements Sales Tax,"1,231"
New York,2016,Insurance Premiums Sales Tax,"1,539,422"
New York,2016,Motor Fuels Sales Tax,"1,612,425"
New York,2016,Pari-mutuels Sales Tax,"19,778"
New York,2016,Public Utilities Sales Tax,"914,309"
New York,2016,Tobacco Products Sales Tax,"1,247,078"
New York,2016,Other Selective Sales and Gross Receipts Taxes,"5,621,673"
New York,2016,License Taxes,"1,794,987"
New York,2016,Alcoholic Beverages License,"61,706"
New York,2016,Amusements License,0
New York,2016,Corporations in General License,"24,047"
New York,2016,Hunting and Fishing License,"45,234"
New York,2016,Motor Vehicle License,"1,357,552"
New York,2016,Motor Vehicle Operators License,"158,562"
New York,2016,Public Utilities License,"19,380"
New York,2016,"Occupation and Business License, NEC","127,046"
New York,2016,Other License Taxes,"1,460"
New York,2016,Income Taxes,"50,690,443"
New York,2016,Individual Income Taxes,"46,508,632"
New York,2016,Corporations Net Income Taxes,"4,181,811"
New York,2016,Other Taxes,"4,078,516"
New York,2016,Death and Gift Taxes,"1,364,261"
New York,2016,Documentarty and Stock Transfer Taxes,"1,299,841"
New York,2016,Severance Taxes,X
New York,2016,"Taxes, NEC","1,414,414"
North Carolina,2016,Total Taxes,"26,201,576"
North Carolina,2016,Property Taxes,X
North Carolina,2016,Sales and Gross Receipts Taxes,"11,149,110"
North Carolina,2016,General Sales and Gross Receipts Taxes,"7,187,844"
North Carolina,2016,Selective Sales and Gross Receipts Taxes,"3,961,266"
North Carolina,2016,Alcoholic Beverages Sales Tax,"378,744"
North Carolina,2016,Amusements Sales Tax,-250
North Carolina,2016,Insurance Premiums Sales Tax,"503,407"
North Carolina,2016,Motor Fuels Sales Tax,"1,936,102"
North Carolina,2016,Pari-mutuels Sales Tax,X
North Carolina,2016,Public Utilities Sales Tax,122
North Carolina,2016,Tobacco Products Sales Tax,"286,286"
North Carolina,2016,Other Selective Sales and Gross Receipts Taxes,"856,855"
North Carolina,2016,License Taxes,"1,869,060"
North Carolina,2016,Alcoholic Beverages License,"25,140"
North Carolina,2016,Amusements License,199
North Carolina,2016,Corporations in General License,"609,410"
North Carolina,2016,Hunting and Fishing License,"33,578"
North Carolina,2016,Motor Vehicle License,"714,464"
North Carolina,2016,Motor Vehicle Operators License,"134,435"
North Carolina,2016,Public Utilities License,"20,097"
North Carolina,2016,"Occupation and Business License, NEC","306,808"
North Carolina,2016,Other License Taxes,"24,929"
North Carolina,2016,Income Taxes,"13,109,468"
North Carolina,2016,Individual Income Taxes,"12,042,957"
North Carolina,2016,Corporations Net Income Taxes,"1,066,511"
North Carolina,2016,Other Taxes,"73,938"
North Carolina,2016,Death and Gift Taxes,"4,493"
North Carolina,2016,Documentarty and Stock Transfer Taxes,"67,484"
North Carolina,2016,Severance Taxes,"1,961"
North Carolina,2016,"Taxes, NEC",X
North Dakota,2016,Total Taxes,"3,709,105"
North Dakota,2016,Property Taxes,"3,910"
North Dakota,2016,Sales and Gross Receipts Taxes,"1,496,824"
North Dakota,2016,General Sales and Gross Receipts Taxes,"1,017,269"
North Dakota,2016,Selective Sales and Gross Receipts Taxes,"479,555"
North Dakota,2016,Alcoholic Beverages Sales Tax,"9,026"
North Dakota,2016,Amusements Sales Tax,"3,406"
North Dakota,2016,Insurance Premiums Sales Tax,"65,113"
North Dakota,2016,Motor Fuels Sales Tax,"196,837"
North Dakota,2016,Pari-mutuels Sales Tax,"1,566"
North Dakota,2016,Public Utilities Sales Tax,"46,455"
North Dakota,2016,Tobacco Products Sales Tax,"30,757"
North Dakota,2016,Other Selective Sales and Gross Receipts Taxes,"126,395"
North Dakota,2016,License Taxes,"204,055"
North Dakota,2016,Alcoholic Beverages License,381
North Dakota,2016,Amusements License,756
North Dakota,2016,Corporations in General License,X
North Dakota,2016,Hunting and Fishing License,"19,306"
North Dakota,2016,Motor Vehicle License,"119,473"
North Dakota,2016,Motor Vehicle Operators License,"4,226"
North Dakota,2016,Public Utilities License,6
North Dakota,2016,"Occupation and Business License, NEC","59,907"
North Dakota,2016,Other License Taxes,X
North Dakota,2016,Income Taxes,"454,194"
North Dakota,2016,Individual Income Taxes,"351,125"
North Dakota,2016,Corporations Net Income Taxes,"103,069"
North Dakota,2016,Other Taxes,"1,550,122"
North Dakota,2016,Death and Gift Taxes,0
North Dakota,2016,Documentarty and Stock Transfer Taxes,X
North Dakota,2016,Severance Taxes,"1,550,122"
North Dakota,2016,"Taxes, NEC",X
Ohio,2016,Total Taxes,"28,694,883"
Ohio,2016,Property Taxes,X
Ohio,2016,Sales and Gross Receipts Taxes,"18,231,167"
Ohio,2016,General Sales and Gross Receipts Taxes,"12,226,504"
Ohio,2016,Selective Sales and Gross Receipts Taxes,"6,004,663"
Ohio,2016,Alcoholic Beverages Sales Tax,"100,712"
Ohio,2016,Amusements Sales Tax,"269,267"
Ohio,2016,Insurance Premiums Sales Tax,"579,408"
Ohio,2016,Motor Fuels Sales Tax,"1,855,699"
Ohio,2016,Pari-mutuels Sales Tax,"5,628"
Ohio,2016,Public Utilities Sales Tax,"1,156,646"
Ohio,2016,Tobacco Products Sales Tax,"1,008,798"
Ohio,2016,Other Selective Sales and Gross Receipts Taxes,"1,028,505"
Ohio,2016,License Taxes,"2,223,747"
Ohio,2016,Alcoholic Beverages License,"42,501"
Ohio,2016,Amusements License,"37,833"
Ohio,2016,Corporations in General License,"237,487"
Ohio,2016,Hunting and Fishing License,"37,695"
Ohio,2016,Motor Vehicle License,"769,085"
Ohio,2016,Motor Vehicle Operators License,"78,821"
Ohio,2016,Public Utilities License,"27,863"
Ohio,2016,"Occupation and Business License, NEC","943,758"
Ohio,2016,Other License Taxes,"48,704"
Ohio,2016,Income Taxes,"8,202,432"
Ohio,2016,Individual Income Taxes,"8,169,197"
Ohio,2016,Corporations Net Income Taxes,"33,235"
Ohio,2016,Other Taxes,"37,537"
Ohio,2016,Death and Gift Taxes,"2,154"
Ohio,2016,Documentarty and Stock Transfer Taxes,X
Ohio,2016,Severance Taxes,"35,383"
Ohio,2016,"Taxes, NEC",X
Oklahoma,2016,Total Taxes,"8,491,187"
Oklahoma,2016,Property Taxes,X
Oklahoma,2016,Sales and Gross Receipts Taxes,"3,778,399"
Oklahoma,2016,General Sales and Gross Receipts Taxes,"2,471,242"
Oklahoma,2016,Selective Sales and Gross Receipts Taxes,"1,307,157"
Oklahoma,2016,Alcoholic Beverages Sales Tax,"120,099"
Oklahoma,2016,Amusements Sales Tax,"20,963"
Oklahoma,2016,Insurance Premiums Sales Tax,"322,604"
Oklahoma,2016,Motor Fuels Sales Tax,"463,962"
Oklahoma,2016,Pari-mutuels Sales Tax,"1,162"
Oklahoma,2016,Public Utilities Sales Tax,"46,168"
Oklahoma,2016,Tobacco Products Sales Tax,"316,471"
Oklahoma,2016,Other Selective Sales and Gross Receipts Taxes,"15,728"
Oklahoma,2016,License Taxes,"1,039,167"
Oklahoma,2016,Alcoholic Beverages License,"1,224"
Oklahoma,2016,Amusements License,"156,410"
Oklahoma,2016,Corporations in General License,"55,082"
Oklahoma,2016,Hunting and Fishing License,"21,082"
Oklahoma,2016,Motor Vehicle License,"719,518"
Oklahoma,2016,Motor Vehicle Operators License,"26,963"
Oklahoma,2016,Public Utilities License,471
Oklahoma,2016,"Occupation and Business License, NEC","57,692"
Oklahoma,2016,Other License Taxes,725
Oklahoma,2016,Income Taxes,"3,324,653"
Oklahoma,2016,Individual Income Taxes,"2,996,870"
Oklahoma,2016,Corporations Net Income Taxes,"327,783"
Oklahoma,2016,Other Taxes,"348,968"
Oklahoma,2016,Death and Gift Taxes,273
Oklahoma,2016,Documentarty and Stock Transfer Taxes,"17,871"
Oklahoma,2016,Severance Taxes,"330,824"
Oklahoma,2016,"Taxes, NEC",X
Oregon,2016,Total Taxes,"11,043,311"
Oregon,2016,Property Taxes,"20,587"
Oregon,2016,Sales and Gross Receipts Taxes,"1,532,190"
Oregon,2016,General Sales and Gross Receipts Taxes,X
Oregon,2016,Selective Sales and Gross Receipts Taxes,"1,532,190"
Oregon,2016,Alcoholic Beverages Sales Tax,"18,375"
Oregon,2016,Amusements Sales Tax,X
Oregon,2016,Insurance Premiums Sales Tax,"86,283"
Oregon,2016,Motor Fuels Sales Tax,"517,757"
Oregon,2016,Pari-mutuels Sales Tax,"1,980"
Oregon,2016,Public Utilities Sales Tax,"96,970"
Oregon,2016,Tobacco Products Sales Tax,"268,808"
Oregon,2016,Other Selective Sales and Gross Receipts Taxes,"542,017"
Oregon,2016,License Taxes,"1,048,709"
Oregon,2016,Alcoholic Beverages License,"4,543"
Oregon,2016,Amusements License,"2,834"
Oregon,2016,Corporations in General License,"34,825"
Oregon,2016,Hunting and Fishing License,"53,978"
Oregon,2016,Motor Vehicle License,"539,474"
Oregon,2016,Motor Vehicle Operators License,"37,973"
Oregon,2016,Public Utilities License,"14,577"
Oregon,2016,"Occupation and Business License, NEC","353,372"
Oregon,2016,Other License Taxes,"7,133"
Oregon,2016,Income Taxes,"8,299,887"
Oregon,2016,Individual Income Taxes,"7,690,019"
Oregon,2016,Corporations Net Income Taxes,"609,868"
Oregon,2016,Other Taxes,"141,938"
Oregon,2016,Death and Gift Taxes,"125,969"
Oregon,2016,Documentarty and Stock Transfer Taxes,"2,379"
Oregon,2016,Severance Taxes,"13,590"
Oregon,2016,"Taxes, NEC",X
Pennsylvania,2016,Total Taxes,"37,394,589"
Pennsylvania,2016,Property Taxes,"43,124"
Pennsylvania,2016,Sales and Gross Receipts Taxes,"19,284,374"
Pennsylvania,2016,General Sales and Gross Receipts Taxes,"10,221,593"
Pennsylvania,2016,Selective Sales and Gross Receipts Taxes,"9,062,781"
Pennsylvania,2016,Alcoholic Beverages Sales Tax,"373,004"
Pennsylvania,2016,Amusements Sales Tax,"1,395,968"
Pennsylvania,2016,Insurance Premiums Sales Tax,"820,513"
Pennsylvania,2016,Motor Fuels Sales Tax,"2,971,950"
Pennsylvania,2016,Pari-mutuels Sales Tax,"10,350"
Pennsylvania,2016,Public Utilities Sales Tax,"1,310,130"
Pennsylvania,2016,Tobacco Products Sales Tax,"962,110"
Pennsylvania,2016,Other Selective Sales and Gross Receipts Taxes,"1,218,756"
Pennsylvania,2016,License Taxes,"2,159,170"
Pennsylvania,2016,Alcoholic Beverages License,"17,741"
Pennsylvania,2016,Amusements License,"11,820"
Pennsylvania,2016,Corporations in General License,"80,943"
Pennsylvania,2016,Hunting and Fishing License,"74,654"
Pennsylvania,2016,Motor Vehicle License,"900,127"
Pennsylvania,2016,Motor Vehicle Operators License,"71,765"
Pennsylvania,2016,Public Utilities License,"80,661"
Pennsylvania,2016,"Occupation and Business License, NEC","901,143"
Pennsylvania,2016,Other License Taxes,"20,316"
Pennsylvania,2016,Income Taxes,"14,388,463"
Pennsylvania,2016,Individual Income Taxes,"11,932,232"
Pennsylvania,2016,Corporations Net Income Taxes,"2,456,231"
Pennsylvania,2016,Other Taxes,"1,519,458"
Pennsylvania,2016,Death and Gift Taxes,"933,140"
Pennsylvania,2016,Documentarty and Stock Transfer Taxes,"562,623"
Pennsylvania,2016,Severance Taxes,X
Pennsylvania,2016,"Taxes, NEC","23,695"
Rhode Island,2016,Total Taxes,"3,265,727"
Rhode Island,2016,Property Taxes,"2,544"
Rhode Island,2016,Sales and Gross Receipts Taxes,"1,665,438"
Rhode Island,2016,General Sales and Gross Receipts Taxes,"973,585"
Rhode Island,2016,Selective Sales and Gross Receipts Taxes,"691,853"
Rhode Island,2016,Alcoholic Beverages Sales Tax,"20,399"
Rhode Island,2016,Amusements Sales Tax,X
Rhode Island,2016,Insurance Premiums Sales Tax,"113,993"
Rhode Island,2016,Motor Fuels Sales Tax,"90,032"
Rhode Island,2016,Pari-mutuels Sales Tax,"1,070"
Rhode Island,2016,Public Utilities Sales Tax,"103,971"
Rhode Island,2016,Tobacco Products Sales Tax,"144,403"
Rhode Island,2016,Other Selective Sales and Gross Receipts Taxes,"217,985"
Rhode Island,2016,License Taxes,"120,936"
Rhode Island,2016,Alcoholic Beverages License,72
Rhode Island,2016,Amusements License,197
Rhode Island,2016,Corporations in General License,"5,131"
Rhode Island,2016,Hunting and Fishing License,"1,988"
Rhode Island,2016,Motor Vehicle License,"45,359"
Rhode Island,2016,Motor Vehicle Operators License,"4,911"
Rhode Island,2016,Public Utilities License,X
Rhode Island,2016,"Occupation and Business License, NEC","58,915"
Rhode Island,2016,Other License Taxes,"4,363"
Rhode Island,2016,Income Taxes,"1,380,463"
Rhode Island,2016,Individual Income Taxes,"1,236,194"
Rhode Island,2016,Corporations Net Income Taxes,"144,269"
Rhode Island,2016,Other Taxes,"96,346"
Rhode Island,2016,Death and Gift Taxes,"75,288"
Rhode Island,2016,Documentarty and Stock Transfer Taxes,"21,058"
Rhode Island,2016,Severance Taxes,X
Rhode Island,2016,"Taxes, NEC",X
South Carolina,2016,Total Taxes,"9,551,052"
South Carolina,2016,Property Taxes,"32,670"
South Carolina,2016,Sales and Gross Receipts Taxes,"4,620,807"
South Carolina,2016,General Sales and Gross Receipts Taxes,"3,268,415"
South Carolina,2016,Selective Sales and Gross Receipts Taxes,"1,352,392"
South Carolina,2016,Alcoholic Beverages Sales Tax,"173,138"
South Carolina,2016,Amusements Sales Tax,"42,530"
South Carolina,2016,Insurance Premiums Sales Tax,"246,059"
South Carolina,2016,Motor Fuels Sales Tax,"565,405"
South Carolina,2016,Pari-mutuels Sales Tax,X
South Carolina,2016,Public Utilities Sales Tax,"29,158"
South Carolina,2016,Tobacco Products Sales Tax,"27,264"
South Carolina,2016,Other Selective Sales and Gross Receipts Taxes,"268,838"
South Carolina,2016,License Taxes,"499,053"
South Carolina,2016,Alcoholic Beverages License,"12,591"
South Carolina,2016,Amusements License,"1,266"
South Carolina,2016,Corporations in General License,"88,702"
South Carolina,2016,Hunting and Fishing License,"18,284"
South Carolina,2016,Motor Vehicle License,"240,551"
South Carolina,2016,Motor Vehicle Operators License,"8,686"
South Carolina,2016,Public Utilities License,"10,487"
South Carolina,2016,"Occupation and Business License, NEC","100,076"
South Carolina,2016,Other License Taxes,"18,410"
South Carolina,2016,Income Taxes,"4,309,831"
South Carolina,2016,Individual Income Taxes,"3,869,342"
South Carolina,2016,Corporations Net Income Taxes,"440,489"
South Carolina,2016,Other Taxes,"88,691"
South Carolina,2016,Death and Gift Taxes,X
South Carolina,2016,Documentarty and Stock Transfer Taxes,"88,691"
South Carolina,2016,Severance Taxes,X
South Carolina,2016,"Taxes, NEC",X
South Dakota,2016,Total Taxes,"1,747,550"
South Dakota,2016,Property Taxes,X
South Dakota,2016,Sales and Gross Receipts Taxes,"1,440,041"
South Dakota,2016,General Sales and Gross Receipts Taxes,"968,787"
South Dakota,2016,Selective Sales and Gross Receipts Taxes,"471,254"
South Dakota,2016,Alcoholic Beverages Sales Tax,"16,656"
South Dakota,2016,Amusements Sales Tax,"9,256"
South Dakota,2016,Insurance Premiums Sales Tax,"86,879"
South Dakota,2016,Motor Fuels Sales Tax,"186,990"
South Dakota,2016,Pari-mutuels Sales Tax,388
South Dakota,2016,Public Utilities Sales Tax,"3,624"
South Dakota,2016,Tobacco Products Sales Tax,"63,082"
South Dakota,2016,Other Selective Sales and Gross Receipts Taxes,"104,379"
South Dakota,2016,License Taxes,"268,227"
South Dakota,2016,Alcoholic Beverages License,530
South Dakota,2016,Amusements License,"6,617"
South Dakota,2016,Corporations in General License,"5,194"
South Dakota,2016,Hunting and Fishing License,"30,699"
South Dakota,2016,Motor Vehicle License,"89,045"
South Dakota,2016,Motor Vehicle Operators License,"5,346"
South Dakota,2016,Public Utilities License,X
South Dakota,2016,"Occupation and Business License, NEC","107,967"
South Dakota,2016,Other License Taxes,"22,829"
South Dakota,2016,Income Taxes,"32,684"
South Dakota,2016,Individual Income Taxes,X
South Dakota,2016,Corporations Net Income Taxes,"32,684"
South Dakota,2016,Other Taxes,"6,598"
South Dakota,2016,Death and Gift Taxes,X
South Dakota,2016,Documentarty and Stock Transfer Taxes,194
South Dakota,2016,Severance Taxes,"6,404"
South Dakota,2016,"Taxes, NEC",X
Tennessee,2016,Total Taxes,"13,386,169"
Tennessee,2016,Property Taxes,X
Tennessee,2016,Sales and Gross Receipts Taxes,"9,704,247"
Tennessee,2016,General Sales and Gross Receipts Taxes,"7,006,376"
Tennessee,2016,Selective Sales and Gross Receipts Taxes,"2,697,871"
Tennessee,2016,Alcoholic Beverages Sales Tax,"174,340"
Tennessee,2016,Amusements Sales Tax,0
Tennessee,2016,Insurance Premiums Sales Tax,"885,037"
Tennessee,2016,Motor Fuels Sales Tax,"897,608"
Tennessee,2016,Pari-mutuels Sales Tax,0
Tennessee,2016,Public Utilities Sales Tax,"8,268"
Tennessee,2016,Tobacco Products Sales Tax,"263,739"
Tennessee,2016,Other Selective Sales and Gross Receipts Taxes,"468,879"
Tennessee,2016,License Taxes,"1,516,966"
Tennessee,2016,Alcoholic Beverages License,"1,467"
Tennessee,2016,Amusements License,254
Tennessee,2016,Corporations in General License,"773,374"
Tennessee,2016,Hunting and Fishing License,"38,848"
Tennessee,2016,Motor Vehicle License,"301,635"
Tennessee,2016,Motor Vehicle Operators License,"56,063"
Tennessee,2016,Public Utilities License,"6,108"
Tennessee,2016,"Occupation and Business License, NEC","330,149"
Tennessee,2016,Other License Taxes,"9,068"
Tennessee,2016,Income Taxes,"1,862,601"
Tennessee,2016,Individual Income Taxes,"323,952"
Tennessee,2016,Corporations Net Income Taxes,"1,538,649"
Tennessee,2016,Other Taxes,"302,355"
Tennessee,2016,Death and Gift Taxes,"62,471"
Tennessee,2016,Documentarty and Stock Transfer Taxes,"219,188"
Tennessee,2016,Severance Taxes,"1,444"
Tennessee,2016,"Taxes, NEC","19,252"
Texas,2016,Total Taxes,"52,132,817"
Texas,2016,Property Taxes,X
Texas,2016,Sales and Gross Receipts Taxes,"46,370,774"
Texas,2016,General Sales and Gross Receipts Taxes,"32,131,385"
Texas,2016,Selective Sales and Gross Receipts Taxes,"14,239,389"
Texas,2016,Alcoholic Beverages Sales Tax,"1,191,961"
Texas,2016,Amusements Sales Tax,"29,780"
Texas,2016,Insurance Premiums Sales Tax,"2,171,362"
Texas,2016,Motor Fuels Sales Tax,"3,500,210"
Texas,2016,Pari-mutuels Sales Tax,"6,954"
Texas,2016,Public Utilities Sales Tax,"605,487"
Texas,2016,Tobacco Products Sales Tax,"1,479,863"
Texas,2016,Other Selective Sales and Gross Receipts Taxes,"5,253,772"
Texas,2016,License Taxes,"3,414,335"
Texas,2016,Alcoholic Beverages License,"74,711"
Texas,2016,Amusements License,"19,874"
Texas,2016,Corporations in General License,"137,109"
Texas,2016,Hunting and Fishing License,"110,051"
Texas,2016,Motor Vehicle License,"2,227,996"
Texas,2016,Motor Vehicle Operators License,"137,372"
Texas,2016,Public Utilities License,"20,542"
Texas,2016,"Occupation and Business License, NEC","517,411"
Texas,2016,Other License Taxes,"169,269"
Texas,2016,Income Taxes,X
Texas,2016,Individual Income Taxes,X
Texas,2016,Corporations Net Income Taxes,X
Texas,2016,Other Taxes,"2,347,708"
Texas,2016,Death and Gift Taxes,X
Texas,2016,Documentarty and Stock Transfer Taxes,X
Texas,2016,Severance Taxes,"2,347,708"
Texas,2016,"Taxes, NEC",X
Utah,2016,Total Taxes,"7,082,961"
Utah,2016,Property Taxes,X
Utah,2016,Sales and Gross Receipts Taxes,"3,031,819"
Utah,2016,General Sales and Gross Receipts Taxes,"2,083,671"
Utah,2016,Selective Sales and Gross Receipts Taxes,"948,148"
Utah,2016,Alcoholic Beverages Sales Tax,"51,563"
Utah,2016,Amusements Sales Tax,X
Utah,2016,Insurance Premiums Sales Tax,"133,157"
Utah,2016,Motor Fuels Sales Tax,"419,727"
Utah,2016,Pari-mutuels Sales Tax,X
Utah,2016,Public Utilities Sales Tax,"24,351"
Utah,2016,Tobacco Products Sales Tax,"119,717"
Utah,2016,Other Selective Sales and Gross Receipts Taxes,"199,633"
Utah,2016,License Taxes,"290,426"
Utah,2016,Alcoholic Beverages License,"2,669"
Utah,2016,Amusements License,X
Utah,2016,Corporations in General License,586
Utah,2016,Hunting and Fishing License,"29,813"
Utah,2016,Motor Vehicle License,"184,078"
Utah,2016,Motor Vehicle Operators License,"15,414"
Utah,2016,Public Utilities License,X
Utah,2016,"Occupation and Business License, NEC","53,264"
Utah,2016,Other License Taxes,"4,602"
Utah,2016,Income Taxes,"3,707,893"
Utah,2016,Individual Income Taxes,"3,374,535"
Utah,2016,Corporations Net Income Taxes,"333,358"
Utah,2016,Other Taxes,"52,823"
Utah,2016,Death and Gift Taxes,X
Utah,2016,Documentarty and Stock Transfer Taxes,X
Utah,2016,Severance Taxes,"52,823"
Utah,2016,"Taxes, NEC",X
Vermont,2016,Total Taxes,"3,085,865"
Vermont,2016,Property Taxes,"1,056,323"
Vermont,2016,Sales and Gross Receipts Taxes,"1,031,257"
Vermont,2016,General Sales and Gross Receipts Taxes,"371,365"
Vermont,2016,Selective Sales and Gross Receipts Taxes,"659,892"
Vermont,2016,Alcoholic Beverages Sales Tax,"25,025"
Vermont,2016,Amusements Sales Tax,X
Vermont,2016,Insurance Premiums Sales Tax,"59,055"
Vermont,2016,Motor Fuels Sales Tax,"77,404"
Vermont,2016,Pari-mutuels Sales Tax,0
Vermont,2016,Public Utilities Sales Tax,"9,012"
Vermont,2016,Tobacco Products Sales Tax,"80,418"
Vermont,2016,Other Selective Sales and Gross Receipts Taxes,"408,978"
Vermont,2016,License Taxes,"117,328"
Vermont,2016,Alcoholic Beverages License,431
Vermont,2016,Amusements License,26
Vermont,2016,Corporations in General License,"3,444"
Vermont,2016,Hunting and Fishing License,"7,833"
Vermont,2016,Motor Vehicle License,"71,626"
Vermont,2016,Motor Vehicle Operators License,"9,550"
Vermont,2016,Public Utilities License,X
Vermont,2016,"Occupation and Business License, NEC","20,955"
Vermont,2016,Other License Taxes,"3,463"
Vermont,2016,Income Taxes,"828,322"
Vermont,2016,Individual Income Taxes,"729,986"
Vermont,2016,Corporations Net Income Taxes,"98,336"
Vermont,2016,Other Taxes,"52,635"
Vermont,2016,Death and Gift Taxes,"12,509"
Vermont,2016,Documentarty and Stock Transfer Taxes,"35,627"
Vermont,2016,Severance Taxes,X
Vermont,2016,"Taxes, NEC","4,499"
Virginia,2016,Total Taxes,"21,219,757"
Virginia,2016,Property Taxes,"30,367"
Virginia,2016,Sales and Gross Receipts Taxes,"6,886,378"
Virginia,2016,General Sales and Gross Receipts Taxes,"3,931,717"
Virginia,2016,Selective Sales and Gross Receipts Taxes,"2,954,661"
Virginia,2016,Alcoholic Beverages Sales Tax,"268,547"
Virginia,2016,Amusements Sales Tax,83
Virginia,2016,Insurance Premiums Sales Tax,"491,495"
Virginia,2016,Motor Fuels Sales Tax,"895,589"
Virginia,2016,Pari-mutuels Sales Tax,X
Virginia,2016,Public Utilities Sales Tax,"121,749"
Virginia,2016,Tobacco Products Sales Tax,"178,847"
Virginia,2016,Other Selective Sales and Gross Receipts Taxes,"998,351"
Virginia,2016,License Taxes,"826,306"
Virginia,2016,Alcoholic Beverages License,"13,297"
Virginia,2016,Amusements License,129
Virginia,2016,Corporations in General License,"61,138"
Virginia,2016,Hunting and Fishing License,"27,763"
Virginia,2016,Motor Vehicle License,"477,126"
Virginia,2016,Motor Vehicle Operators License,"40,558"
Virginia,2016,Public Utilities License,X
Virginia,2016,"Occupation and Business License, NEC","202,087"
Virginia,2016,Other License Taxes,"4,208"
Virginia,2016,Income Taxes,"12,990,685"
Virginia,2016,Individual Income Taxes,"12,237,996"
Virginia,2016,Corporations Net Income Taxes,"752,689"
Virginia,2016,Other Taxes,"486,021"
Virginia,2016,Death and Gift Taxes,222
Virginia,2016,Documentarty and Stock Transfer Taxes,"368,747"
Virginia,2016,Severance Taxes,"2,468"
Virginia,2016,"Taxes, NEC","114,584"
Washington,2016,Total Taxes,"22,280,088"
Washington,2016,Property Taxes,"2,062,065"
Washington,2016,Sales and Gross Receipts Taxes,"17,636,031"
Washington,2016,General Sales and Gross Receipts Taxes,"13,560,382"
Washington,2016,Selective Sales and Gross Receipts Taxes,"4,075,649"
Washington,2016,Alcoholic Beverages Sales Tax,"347,642"
Washington,2016,Amusements Sales Tax,X
Washington,2016,Insurance Premiums Sales Tax,"534,663"
Washington,2016,Motor Fuels Sales Tax,"1,457,933"
Washington,2016,Pari-mutuels Sales Tax,"1,840"
Washington,2016,Public Utilities Sales Tax,"489,225"
Washington,2016,Tobacco Products Sales Tax,"450,805"
Washington,2016,Other Selective Sales and Gross Receipts Taxes,"793,541"
Washington,2016,License Taxes,"1,461,200"
Washington,2016,Alcoholic Beverages License,"143,858"
Washington,2016,Amusements License,"6,630"
Washington,2016,Corporations in General License,"35,739"
Washington,2016,Hunting and Fishing License,"43,864"
Washington,2016,Motor Vehicle License,"603,519"
Washington,2016,Motor Vehicle Operators License,"119,671"
Washington,2016,Public Utilities License,"22,587"
Washington,2016,"Occupation and Business License, NEC","323,654"
Washington,2016,Other License Taxes,"161,678"
Washington,2016,Income Taxes,X
Washington,2016,Individual Income Taxes,X
Washington,2016,Corporations Net Income Taxes,X
Washington,2016,Other Taxes,"1,120,792"
Washington,2016,Death and Gift Taxes,"136,035"
Washington,2016,Documentarty and Stock Transfer Taxes,"945,026"
Washington,2016,Severance Taxes,"39,731"
Washington,2016,"Taxes, NEC",X
West Virginia,2016,Total Taxes,"5,127,970"
West Virginia,2016,Property Taxes,"6,957"
West Virginia,2016,Sales and Gross Receipts Taxes,"2,566,690"
West Virginia,2016,General Sales and Gross Receipts Taxes,"1,286,833"
West Virginia,2016,Selective Sales and Gross Receipts Taxes,"1,279,857"
West Virginia,2016,Alcoholic Beverages Sales Tax,"17,936"
West Virginia,2016,Amusements Sales Tax,"43,545"
West Virginia,2016,Insurance Premiums Sales Tax,"158,315"
West Virginia,2016,Motor Fuels Sales Tax,"396,010"
West Virginia,2016,Pari-mutuels Sales Tax,"2,282"
West Virginia,2016,Public Utilities Sales Tax,"120,406"
West Virginia,2016,Tobacco Products Sales Tax,"100,273"
West Virginia,2016,Other Selective Sales and Gross Receipts Taxes,"441,090"
West Virginia,2016,License Taxes,"128,478"
West Virginia,2016,Alcoholic Beverages License,995
West Virginia,2016,Amusements License,"3,192"
West Virginia,2016,Corporations in General License,986
West Virginia,2016,Hunting and Fishing License,"12,096"
West Virginia,2016,Motor Vehicle License,"4,295"
West Virginia,2016,Motor Vehicle Operators License,"95,314"
West Virginia,2016,Public Utilities License,442
West Virginia,2016,"Occupation and Business License, NEC","9,928"
West Virginia,2016,Other License Taxes,"1,230"
West Virginia,2016,Income Taxes,"1,990,391"
West Virginia,2016,Individual Income Taxes,"1,845,711"
West Virginia,2016,Corporations Net Income Taxes,"144,680"
West Virginia,2016,Other Taxes,"435,454"
West Virginia,2016,Death and Gift Taxes,X
West Virginia,2016,Documentarty and Stock Transfer Taxes,"10,631"
West Virginia,2016,Severance Taxes,"424,823"
West Virginia,2016,"Taxes, NEC",X
Wisconsin,2016,Total Taxes,"17,607,733"
Wisconsin,2016,Property Taxes,"170,537"
Wisconsin,2016,Sales and Gross Receipts Taxes,"7,721,707"
Wisconsin,2016,General Sales and Gross Receipts Taxes,"5,058,789"
Wisconsin,2016,Selective Sales and Gross Receipts Taxes,"2,662,918"
Wisconsin,2016,Alcoholic Beverages Sales Tax,"58,970"
Wisconsin,2016,Amusements Sales Tax,201
Wisconsin,2016,Insurance Premiums Sales Tax,"196,543"
Wisconsin,2016,Motor Fuels Sales Tax,"1,043,282"
Wisconsin,2016,Pari-mutuels Sales Tax,X
Wisconsin,2016,Public Utilities Sales Tax,"326,990"
Wisconsin,2016,Tobacco Products Sales Tax,"649,538"
Wisconsin,2016,Other Selective Sales and Gross Receipts Taxes,"387,394"
Wisconsin,2016,License Taxes,"1,151,656"
Wisconsin,2016,Alcoholic Beverages License,"1,823"
Wisconsin,2016,Amusements License,545
Wisconsin,2016,Corporations in General License,"20,357"
Wisconsin,2016,Hunting and Fishing License,"67,572"
Wisconsin,2016,Motor Vehicle License,"493,293"
Wisconsin,2016,Motor Vehicle Operators License,"40,113"
Wisconsin,2016,Public Utilities License,"88,707"
Wisconsin,2016,"Occupation and Business License, NEC","437,933"
Wisconsin,2016,Other License Taxes,"1,313"
Wisconsin,2016,Income Taxes,"8,473,461"
Wisconsin,2016,Individual Income Taxes,"7,486,676"
Wisconsin,2016,Corporations Net Income Taxes,"986,785"
Wisconsin,2016,Other Taxes,"90,372"
Wisconsin,2016,Death and Gift Taxes,"1,745"
Wisconsin,2016,Documentarty and Stock Transfer Taxes,"65,154"
Wisconsin,2016,Severance Taxes,"10,562"
Wisconsin,2016,"Taxes, NEC","12,911"
Wyoming,2016,Total Taxes,"1,913,607"
Wyoming,2016,Property Taxes,"338,776"
Wyoming,2016,Sales and Gross Receipts Taxes,"820,146"
Wyoming,2016,General Sales and Gross Receipts Taxes,"641,495"
Wyoming,2016,Selective Sales and Gross Receipts Taxes,"178,651"
Wyoming,2016,Alcoholic Beverages Sales Tax,"1,919"
Wyoming,2016,Amusements Sales Tax,X
Wyoming,2016,Insurance Premiums Sales Tax,"27,991"
Wyoming,2016,Motor Fuels Sales Tax,"115,175"
Wyoming,2016,Pari-mutuels Sales Tax,"1,963"
Wyoming,2016,Public Utilities Sales Tax,"4,823"
Wyoming,2016,Tobacco Products Sales Tax,"24,060"
Wyoming,2016,Other Selective Sales and Gross Receipts Taxes,"2,720"
Wyoming,2016,License Taxes,"157,086"
Wyoming,2016,Alcoholic Beverages License,X
Wyoming,2016,Amusements License,X
Wyoming,2016,Corporations in General License,"13,826"
Wyoming,2016,Hunting and Fishing License,"33,919"
Wyoming,2016,Motor Vehicle License,"76,448"
Wyoming,2016,Motor Vehicle Operators License,"2,303"
Wyoming,2016,Public Utilities License,X
Wyoming,2016,"Occupation and Business License, NEC","30,590"
Wyoming,2016,Other License Taxes,X
Wyoming,2016,Income Taxes,X
Wyoming,2016,Individual Income Taxes,X
Wyoming,2016,Corporations Net Income Taxes,X
Wyoming,2016,Other Taxes,"597,599"
Wyoming,2016,Death and Gift Taxes,X
Wyoming,2016,Documentarty and Stock Transfer Taxes,X
Wyoming,2016,Severance Taxes,"593,959"
Wyoming,2016,"Taxes, NEC","3,640"
